20,"samsung gear 360 4k","digital_07.JPG","Enregistrement de photos et de vidéos panoramique 360 °.Format compact et léger.Dual 15 MP1 pour une excellente qualité d'image.Compatible avec les smartphones Samsung Galaxy via Wi-Fi ‑ direct",199,"20",1
50,"SAMSUNG T335 Galaxy Tab 4 LTE 16GO White","digital_01.JPG","Ecran tactile 8 pouces - 1280 x 800 .Stockage et mémoire: disque dur 16 Go, RAM 1 Go.Processeur Non spécifié 1.2 Ghz",150,"5",1
20,"Motorola Moto G4 Plus","digital_02.JPG","Appareil photo 16 mégapixels.Ecran Full HD 5,5°.Modèle double SIM.Stockage gratuit avec Google Photos",187,"10",1
5,"Yamaha Yamaha TSX-B72","digital_03.JPG","Haut-parleur de bureau ",700,"20",1
15,"PC Portable Asus N552VW-FI035T 15.6","digital_04.JPG","taille de lecran 15.6.Processeur intel core i7.Ram installé 16Go",700,"20",1
20,"Samsung Galaxy Note edge ","digitale_05.JPG","RAM 3GB. ROM 32G.screen soze 5.5 inches&over Back camera 16.0 MP.network supported 2G/3G/4G LT",250,"10",1
40,"asus mini ordinateur portable","digitale_04.JPG","3Go RAM+ 64Go ROM une carte SD extensible jusqu'à 128 Go.Beaucoup d'accessoires: stylo tactile+souris+asque+ligne OTG, clavier, Étui en cuir 2 en 1.Tablette Tactile Android 8.1avec WIFI+4G Réseau",600,"20",1
5,"Samsung Galaxy Camera Galaxy Camera 16.3MP Digital Camera","digitale_06.JPG","Doté d'un capteur 16,3 MP, cet appareil photo point & shoot Samsung Galaxy EK-GC100 offre des visuels clairs d'un simple clic. Vous pouvez afficher instantanément les images capturées ou lire vos vidéos sur l'écran de 4,77 pouces. De plus, le modèle EK-GC100 est équipé d'un zoom optique 21x. Cet appareil photo Samsung est disponible en blanc et pèse 11 oz",799,"30",1
10,"Dell television","digital_08.JPG","Picture Processor X1 ™ Ultimate pour un réalisme inégalé.Contraste sans précédent avec Backlight Master Drive ™.Prenez des photos plus proches de la 8K avec 8K X-Reality ™ PRO.Acoustic Multi-Audio ™ pour une expérience visuelle immersive",300,"20",1
40,"Manette xbox sans fil","digital_10.JPG","Découvrez le design modernisé de la manette sans fil Xbox – Carbon Black, avec ses surfaces texturées et sa géométrie raffinée, pour un confort de jeu accruTechnologie Xbox sans fil et Bluetooth Prise casque 3,5 mm",69,"free",1
50,"apple watch acier bracelet sport blanc","digital_11.JPG","Très résistant, le boîtier en acier inoxydable est poli avec soin pour un fini étincelant.Composé d’un fluoroélastomère de haute qualité à la fois résistant et étonnamment doux, le Bracelet Sport est doté d’un système innovant de fermeture à clou et passant.",779,"20",1
10,"VR Box réalité virtuelle Lunettes 3d","digital_12.JPG","Cet article n'a pas les pièces aimant donc il ne peut pas contrôler comme le Google carton 3d. Mais vous pouvez utiliser ce point voir film 3d et jeu en 3d sur votre téléphone portable.Élève distince PD réglable ; Focal distince FD réglable.Ce paragraphe ne contient pas de composant NFC (module NFC reconnaît automatiquement seulement ouvrir le programme, cliquez sur l'icône pour ouvrir l'étape est omise logiciel, d'autres expériences sont les mêmes)",71,"free",1
20,"Beats Studio3 sans fil","digital_13.JPG","Le casque circumauriculaire Beats Studio3 sans fil vous offre un son d'exception tout en bloquant les bruits extérieurs à l'aide de sa technologie de Réduction active du bruit",349,"25",1
40,"PC portable ACER","digital_14.JPG","taille de lecran 15.6.Processeur intel core i7.Ram installé 16Go",650,"20",1
15,"Ninebot Mini Pro","digital_15.JPG","Ninebot Mini Pro N3M320 auto-équilibre Scooter électrique deux roues électrique Hoverboard planche à roulettes pour Gokart aller Kart Kit",465,"42",1
14,"Sony ICFC-1 Alarm Clock Radio LED Black","digital_16.JPG","Réveillez-vous avec la radio, le buzzer ou l'alarme de réveil progressif.Radio FM / AM analogique.Contrôle de la luminosité réglable.Endormez-vous à la radio via la minuterie de sommeil programmable",19.99,"10",1
17," small appliance","digital_17.JPG","Petits électroménagers dans une cuisine: un robot culinaire, un gaufrier, une cafetière et une bouilloire électrique",100,"free",1
10,"Manette xbox sans fil2","digital_18.JPG","Découvrez le design modernisé de la manette sans fil Xbox – Carbon Black, avec ses surfaces texturées et sa géométrie raffinée, pour un confort de jeu accruTechnologie Xbox sans fil et Bluetooth Prise casque 3,5 mm",69,"free",1
20,"Samsung television","digital_19.JPG","Picture Processor X1 ™ Ultimate pour un réalisme inégalé.Contraste sans précédent avec Backlight Master Drive ™.Prenez des photos plus proches de la 8K avec 8K X-Reality ™ PRO.Acoustic Multi-Audio ™ pour une expérience visuelle immersive",350,"20",1
25,"Sony television","digital_20.JPG","Picture Processor X1 ™ Ultimate pour un réalisme inégalé.Contraste sans précédent avec Backlight Master Drive ™.Prenez des photos plus proches de la 8K avec 8K X-Reality ™ PRO.Acoustic Multi-Audio ™ pour une expérience visuelle immersive",400,"20",1
50,"XIAOME REDME NOTE 8 PRO","digital_21.JPG","Ecran : 6.53° OS : Android 9.0 (Pie); MIUI 10Chipset:  Mediatek Helio G90T (12nm)CPU : Octa-core (2x2.05 GHz Cortex-A76 & 6x2.0 GHz Cortex-A55) GPU : Mali-G76 MC4 RAM : 6Go ROM : 128Go Caméra principal : 64MP+8MP+2MP+2MP Selfie : 20MP",50,"free",2
20," Samsung Gear VR","digital_22.JPG","Le Gear VR fonctionne parfaitement avec les smartphones Galaxy grâce à une connexion micro USB. Vous n'avez qu'à brancher le téléphone, et c'est parti.",100,"20",1
20,"Montre fossil automatique marron","fashion_01.JPG","sku:ME3158 Taille de boitier:42 MM.Mouvement:automatique.collection:The commuter Auto ",160,"20",2
20,"Montre fossil automatique marron","fashion_04.JPG","sku:ME3158 Taille de boitier:42 MM.Mouvement:automatique.collection:The commuter Auto ",200,"20",2
30,"Sac à main cuir camel","fashion_02.JPG","Dessus: cuir Doublure: cuir - textile Fermeture: Fermeture Éclair",50,"20",2
40,"Sac à main cuir maron","fashion_08.JPG","Dessus: cuir Doublure: cuir - textile Fermeture: Fermeture Éclair",50,"20",2
30,"Short ","fashion_03.JPG","shorts en jean pour  l'été",30,"free",2
50,"Baskets puma","fashion_05.JPG","Ajoutez du style à votre collection de chaussures de sport avec ces sneakers Puma Vikky Ribbon Dots pour femme pourvues de lacets en satin soyeux avec des motifs de pois. Extérieur : Cuir suédé, Intérieur : Textile, Semelle : Caoutchouc",100,"free",2
30,"Cravate bleu ","fashion_06.JPG","La cravate en cachemire solide est l'une de nos meilleures ventes de tous les temps. Confortable à porter et offre une alternative chic à la soie. Aussi à l'aise avec un costume ou une couture plus décontractée.",5,"20",2
30,"Tee_shirt ","fashion_07.JPG","Tee-shirt couleur classic 150g, jersey 100% coton (150gr/m2). Texture de haute qualité avec coton à fil de chaîne continu (ring-spun) pré-rétrécis pour garder forme et tenue, couple ample et tubulaire, bande de propreté et col 2 épaisseurs, finition double surpiqûres",50,"20",2
40,"Jacket_bleu","fashion_09.JPG","jacket bleu en cuire avec une trés bonne qualité",200,"20",2
30,"Mini botte maron","fashion_10.JPG","Nouvelle Collection bottine Pailleté 2020/2021 d'hiver de haute qualité en fourrure Confortable et chaud de semelle épaisses locomotive pour femme Chic et élégant et imperméable ",160,"free",2
30,"Table","furniture_01.JPG","Cette console extensible s'adapte à toutes vos pièces et à tous vos besoins ! Bureau le jour, table au moment des repas, elle vous sera particulièrement utile dans un petit logement ou un studio d'étudiant. En effet, cette console de dimensions L. 95 x H. 77,2 x P. 42,6 cm ne possède pas moins de 4 longueurs différentes et peut accueillir jusqu'à 8 convives",160,"54",3
32,"Table_lamp","furniture_02.JPG","dimension 180cm _ Oxidese Nickel",100,"54",3
30,"Bibliotheque ronde bois","furniture_03.JPG","Bibliothèque déstructurée en acajou, M.D.F et plaquage teck.Trois (3) tiroirs à sa base.Finition vernis nitrocellulosique.",400,"54",3
40,"Chaise en Gris","furniture_04.JPG","les chaises de cuisine et de salle à manger ont plusieurs avantages. Tout d’abord, leur couleur est en plein dans les dernières tendances déco. Elles donneront donc à la pièce une allure moderne",100,"54",3
30,"Canapé lit ","furniture_05.JPG","Canapé-lit style scandinave 3 places gris clair Brooke sur Maisons du Monde.",250,"54",3
30,"Lit futina","furniture_06.JPG","Structure : pin massif.Finition : miel huilé.Avec sommier à lattes",3000,"54",3
30,"Table_lampe","furniture_07.JPG","Apportez à la maison l'une de ces superbes lampes contemporaines disponibles en différentes formes, tailles et couleurs sur Pepperfry et illuminez votre maison avec style.",90,"54",3
30,"Coiffeuse en bois","furniture_08.JPG","Magnifique coiffeuse table de maquillage moderne, Le look simple fait de la table de maquillage un meuble élégant qui met en valeur chaque pièce",160,"54",3
40,"Chaise en rose","furniture_09.JPG","les chaises de cuisine et de salle à manger ont plusieurs avantages. Tout d’abord, leur couleur est en plein dans les dernières tendances déco. Elles donneront donc à la pièce une allure moderne",100,"54",3
50,"LOL DOLLS","kidtoy_01.JPG","Marque: MGA, Tranche d'âge: 5-7 ans, Numéro de pièce fabricant: Non applicable, Type: Doll, Doll Size: 3in",35,"free",4
38,"Combo","kidtoy_02.JPG","1pcs 50CM Colorful Long Cognitive Plush Worm Plush DOLL TOYS Pillow Soft Worm Cushion Educational Gift for Birthday",55,"free",4
46,"Push & Ride Racer","kidtoy_03.JPG","Un jouet d'équitation et un marcheur en un! Ce jouet à enfourcher pied à sol comprend une barre de poussée pour enfant. Les tout-petits peuvent se monter ou utiliser comme jouet à pousser. Cette voiture jouet à pousser est idéale pour une utilisation à l'intérieur ou à l'extérieur.",120,"25",4
45,"Kit Crochet Amigurumi","kidtoy_04.JPG","Le kit crochet Amigurumi Hoooked contient :- 250 g de fils Hoooked  85% coton -15% coton recyclé Eco- 1 crochet bambou n°6- des fils noirs et/ou colorés pour les détails- les explicationsHauteur : 20 cm environTechnique : à réaliser au crochetNon inclus : Aiguille à laine et ouate de rembourrageMarque DMCLes produits contenus dans ce kit sont 100% naturels issus d'une fabrication éco-responsable.",34,"free",4
11,"RIDE ON TOYS","kidtoy_05.JPG","L'Inchworm® classique revient en action pour divertir une nouvelle génération d'enfants! . De plus, les enfants adorent son visage et son chapeau adorables et amicaux! Encourage le jeu actif grâce au mouvement rebondissant. • Selle ergonomique et poignée en forme de cœur pour une conduite confortable. • Repose-pieds intégré pour rouler et rebondir. • Visage et chapeau adorables et amicaux que les enfants adorent! • POUR 2-5 ANS",90,"25",4
121,"3d Monstre Mignon","kidtoy_06.JPG","Fond d'écran mignon petit monstre célébrant la nouvelle année!",26,"free",4
17,"Green Dragon","kidtoy_09.JPG","Voiture avec roues Kids Toys",50,"free",4
14,"Red Titan Boy's Bike","kidtoy_07.JPG","Fork: Rs Bluto Rl 100Mm. Brake: Sram Db3. Transmission: 2X10. Trigger: Trigger X7. F.Derrailleur: X7.",120,"35",4
66,"Super Soaker Blaster","kidtoy_08.JPG","ENFANTS mignon extérieur Super Soaker Blaster Fire à dos à pression Squirt piscine jouet enfant d'été de plage Jeu Pistolet à eau",50,"free",4
55,"Toy Phones","kidtoy_10.JPG","Item Type: Toy Phones. Caractéristiques: éducatif, à piles. Sexe: unisexe. Attention: NE MANGEZ PAS. Nom de la marque: VKTECH. Tranche d'âge: 13-24 mois. Type de plastique: PVC. Numéro du modèle: Toy Phones. Matériel: plastique",50,"free",4
5,"Sérum Eyelift Or Bio Essence d'Olive","organics_spa_1.JPG","L'hydratant pour le visage à l'essence d'olive prend soin de la peau pour une peau douce et lisse bien hydratée. Enrichi en végétaux riches en nutriments, en antioxydants et en huile biologique, qui sont tous une excellente source de vitamines. pH équilibré pour aider à favoriser un teint impeccable. Maintient la peau humide sans sensation de gras et aide à protéger la peau des radicaux libres et du stress environnemental. Pour des bienfaits anti-âge supplémentaires, ajoutez la quantité souhaitée d'or 24 carats à la crème et mélangez bien avec une spatule.",100,"12",5
33,"Savon Naturel","organics_spa_3.JPG","Les savons naturels sont fabriqués à partir de véritable huile végétale en lieu et place des affreux bondillons ou de la graisse animal (suif, sodium tallowate) que l’on trouve dans le commerce. Ils ne contiennent ni EDTA et sont sans Sodium laureht sulfate ou PEG. C’est seulement dans le cas d’un savon Slow Cosmétique que l’on peut envisager le savon comme un soin : lavant pour le corps, hydratant pour la peau et apaisant pour les problèmes de peau (eczema, psoriasis, peau qui gratte).",10,"free",5
42,"Skin Care","organics_spa_4.JPG","Skin Care est la marque des Laboratoires Phytema pour les soins de la peau. L’ensemble des produits sont composés d’ingrédients naturels biologiques pour vous permettre d’avoir tous les bienfaits des produits de beauté bio. La gamme de produits Skin Care comprend l’ensemble des produits dont vous avez besoin dans votre vie quotidienne. Une huile pour se laver tous les jours et pour hydrater la peau, des  produits  exfoliants pour retirer les cellules mortes de la peau. Et un ensemble de crèmes pour avoir un teint unifié ainsi qu’une peau hydratée et pleine de santé ! ",50,"8",5
15,"CRÈMES SOLAIRES","organics_spa_5.JPG","Si vous sortez sous le soleil avec votre tribu, c’est la crème solaire bio à avoir dans votre sac. Spécialement formulée pour une protection complète des tous petits, elle convient à toute la famille. Son indice de protection 50 vous protège et prévient les coups de soleil. En plus, elle résiste à l’eau – mais n’oubliez pas d’en appliquer à intervalles réguliers tout de même ! Chez nous, c’est papa Bioté qui l’utilise dans le cadre d’un traitement médicamenteux photosensibilisant et aucun problème à signaler, elle est très efficace. De la même marque, vous pouvez également retrouver le lait solaire SPF 30 ou SPF 50 classique.",15,"free",5
51,"Haut de Gamme","organics_spa_6.JPG","le parfum le plus célèbre du monde, en demeure sans doute l’exemple le plus parlant. Il contient des composants synthétiques, à la demande de Coco Chanel, ce qui a bouleversé les codes des années 1920. Cette fragrance est le symbole de l’élégance, du raffinement et du chic à la française. ",36,"5",5
60,"Crème mains au karité","organics_spa_7.JPG","Une crème de soin pour les mains bio, riche et non grasse à la fois. Idéale pour les mains très sèches. L'hydrolat de ciste dans la formule, combiné au beurre de karité et à l'huile de macadamia, est un réel bienfait pour réparer et protéger les mains.",35,"free",5
10,"Makita LXT 18 Volts 14 In. Dia","tools_equipment_5.JPG","Profondeur de coupe maximale à 90 degrés: 2-1 / 4 po. Dents par pouce: 24 TPI. Capacité de biseau: 45 deg. Piles incluses: Non. Emplacement de la lame: gauche. Avec ou sans fil: sans fil",50,"free",6
78,"Makita XPH01Z 18V 1/2","tools_equipment_1.JPG","À propos de cet article. Fournit un couple maximal de 480 lb-po. La gâchette à vitesse variable associe la puissance à l'application. La poignée ergonomique offre une prise confortable et sûre. La lumière LED intégrée offre une visibilité dans les zones à faible éclairage. Inclus: (1) Perceuse à percussion Makita XPH01Z 18 V 1/2 Li-Ion (batterie et chargeur non inclus). Importé des USA.",50,"free",6
25,"DÉCOUPEUSES À DISQUE","tools_equipment_2.JPG","Appareil très puissant et performant. Pour découper des atériaux particulièrement épais et durs. Disques à découper - Ø 400 mm. Démarrage facile avec le système ElastoStart STIHL et la valve de décompression. Poignée polyvalente pour un confort élevé dans toutes les positions de coupe. Système de filtration nécessitant peu d'entretien grâce à la pré-séparation cyclonique",50,"free",6
19,"BR 600 STIHL Magnum","tools_equipment_3.JPG","Le souffleur à dos professionnel STIHL Magnum ™ a un rapport puissance / poids impressionnant. Le tube de soufflante réglable à trois positions a une buse à zone d'usure accrue. Harnais en nylon spécialement conçu pour un confort et une résistance élevée à l'usure. Les émissions sont 69% plus propres que les exigences actuelles de l'EPA.",50,"free",6
20,"Heavy-Duty XRP™","tools_equipment_6.JPG","High power, high efficiency motor delivers maximum performance in all drilling and fastening applications. XRP ™ extended run-time batteries provide long run-time and battery life. Patented 3-speed all-metal transmission matches the speed to the application for optimal performance. Heavy-duty 1/2 ratcheting chuck locks the sleeve. Superior ergonomics optimize balance, size and weight. Includes: 1-hour charger, 14.4 V XRP ™ batteries and heavy-duty kit box",50,"free",6
26,"Circular Saw","tools_equipment_7.JPG","Size: 8.5 x 15.5 x 10.5 inches Weight: 7.1 pounds Power source: cordless Speed: 5250 rpm Blade diameter: 6-1/2 inches Depth of cut: 2-1/4 inches Warranty: 3 years limited.",50,"free",6
13,"DeWALT DC212B","tools_equipment_8.JPG","Compact L-shape design allows access in tight spaces while providing optimal balance for the user. 360 deg side-handle for better control and ease of use in tight spaces",50,"free",6
